State,Outcome,M1_DiD_Level,M1_SE,M1_Pval,M2_DiD_Slope,M2_SE,M2_Pval,M2_Level_Shift
FL,Opioid Shipments (MME per 100k),-18147286.95826889,4747060.403701225,0.00013191949062994524,-20006745.67224607,3610018.1482599596,2.9902443272346164e-08,1120435.4907536209
FL,Drug Deaths (per 100k),-2.5788427874335755,0.6416283948265841,5.8392245059150326e-05,-0.5877286386120546,0.4776756053471352,0.2185500380070291,-0.7637013743677388
WA,Opioid Shipments (MME per 100k),-13464643.116605058,4635743.707441121,0.0036780838858820925,6429944.840265907,1763297.347154144,0.00026578894370212755,-8169299.17317821
WA,Drug Deaths (per 100k),-1.940336191258589,0.7214454273779103,0.007155655735436757,-0.09546940150071576,0.4810697731008951,0.8426912038796628,-0.1465848902149402
