State,Outcome,M1_DiD_Level,M1_SE,M1_Pval,M2_DiD_Slope,M2_SE,M2_Pval,M2_Level_Shift
FL,Opioid Shipments (MME per 100k),-15901853.816855807,2869901.6051935046,3.009114427565212e-08,-13272224.798031252,2545110.4664251283,1.8402239998184403e-07,-223757.75092853606
FL,Drug Deaths (per 100k),-0.7417896471638878,0.36765288051965195,0.043629196066200096,-0.28907639736402235,0.2594644749326843,0.2652246734549272,-0.08369803743846127
WA,Opioid Shipments (MME per 100k),-15942167.152178548,4008899.8612766396,6.988005664138725e-05,4239161.833765035,1605517.173960702,0.008281518470190893,-3871391.9164797347
WA,Drug Deaths (per 100k),-0.5275662023469666,0.3399018760008238,0.12063513031634973,0.039356238246397446,0.2194541756863293,0.8576731505579342,0.447224158287312
