State,Outcome,M1_DiD_Level,M1_SE,M1_Pval,M2_DiD_Slope,M2_SE,M2_Pval,M2_Level_Shift
FL,Opioid Shipments (MME per 100k),-15438336.962276632,5617628.55401997,0.005992441489166606,-25569019.86594242,4118598.413331536,5.360011573635399e-10,2117482.9826808134
FL,Drug Deaths (per 100k),-2.359497944359538,0.7304478548603,0.0012370052086890404,-1.1075768243689044,0.4850599064751523,0.022407905120349698,-1.1534962976056955
WA,Opioid Shipments (MME per 100k),-8064525.180002247,4034168.5972510804,0.04560239592910986,7875367.574901532,1951032.6240949,5.425163646635874e-05,-3548036.9674628107
WA,Drug Deaths (per 100k),-1.1752346523483945,0.7190668561479178,0.10217728625160942,-0.04933574861223514,0.5470765883551432,0.9281436225645778,0.009753188436533904
