State,Outcome,M1_DiD_Level,M1_SE,M1_Pval,M2_DiD_Slope,M2_SE,M2_Pval,M2_Level_Shift
FL,Opioid Shipments (MME per 100k),-18147286.95826912,4747060.403701246,0.00013191949062992783,-20006745.67224622,3610018.148259927,2.990244327233041e-08,1120435.4907535492
FL,Drug Deaths (per 100k),-2.5788427874335493,0.6416283948265861,5.8392245059163574e-05,-0.5877286386119769,0.47767560534713527,0.21855003800709005,-0.7637013743674862
WA,Opioid Shipments (MME per 100k),-13464643.116605006,4635743.707441115,0.0036780838858821757,6429944.840265795,1763297.347154152,0.00026578894370221076,-8169299.173178263
WA,Drug Deaths (per 100k),-1.9403361912585908,0.7214454273779098,0.007155655735436669,-0.09546940150071855,0.4810697731008952,0.8426912038796583,-0.14658489021499232
