policy_state,case_name,outcome,coef_name,beta_did,se,p_value,n_obs,r_squared
FL,Florida case,drug_death_rate_per_100k,treated:post,-2.2526321940450678,0.7013883012614779,0.0013196296678799182,921,0.7314210846944618
FL,Florida case,mme_per_100k,treated:post,-553982909.0468348,543024821.7469208,0.3076432352077034,930,0.6285643552103828
WA,Washington case,drug_death_rate_per_100k,treated:post,-1.11738701617526,0.7195580696251469,0.12045191162041713,678,0.8036389636365955
WA,Washington case,mme_per_100k,treated:post,168918941.01396737,143293384.57500076,0.23846476277957007,680,0.5552824907716609
