State,Outcome,M1_DiD_Level,M1_SE,M1_Pval,M2_DiD_Slope,M2_SE,M2_Pval,M2_Level_Shift
FL,Opioid Shipments (MME per 100k),-18147286.9582689,4747060.403701225,0.00013191949062994388,-20006745.67224614,3610018.148259951,2.99024432723406e-08,1120435.4907536386
FL,Drug Deaths (per 100k),-2.57884278743355,0.6416283948265834,5.8392245059159095e-05,-0.5877286386120357,0.4776756053471408,0.2185500380070493,-0.7637013743676783
WA,Opioid Shipments (MME per 100k),-13464643.116605163,4635743.707441112,0.003678083885881756,6429944.840265782,1763297.3471541442,0.00026578894370220154,-8169299.173178347
WA,Drug Deaths (per 100k),-1.940336191258603,0.7214454273779091,0.007155655735436242,-0.09546940150072847,0.4810697731008951,0.8426912038796421,-0.14658489021497578
