State,Outcome,M1_DiD_Level,M1_SE,M1_Pval,M2_DiD_Slope,M2_SE,M2_Pval,M2_Level_Shift
FL,Opioid Shipments (MME per 100k),-15060820.221340377,5216272.26588028,0.003885925998615462,-23728607.03721355,4077556.76554142,5.908756843974395e-09,2230577.9722533105
FL,Drug Deaths (per 100k),-2.2526321940450704,0.7009583972669001,0.001310611187286594,-0.8228795524704389,0.5278863921487007,0.11903912968157528,-0.3047263226074906
WA,Opioid Shipments (MME per 100k),-9300348.359579343,4233193.661213918,0.02802007697077447,7178007.145501498,2068016.8402545429,0.0005185980574074386,-3237830.9198626047
WA,Drug Deaths (per 100k),-1.1173870161752555,0.7189571859549019,0.12014210472529864,-0.05277452281954381,0.5458471581799218,0.9229775847943991,0.1224572578885705
