State,Outcome,M1_DiD_Level,M1_SE,M1_Pval,M2_DiD_Slope,M2_SE,M2_Pval,M2_Level_Shift
FL,Opioid Shipments (MME per 100k),-15438336.962276705,5617628.554019985,0.005992441489166506,-25569019.865942646,4118598.4133315193,5.360011573632646e-10,2117482.982680818
FL,Drug Deaths (per 100k),-2.3594979443595236,0.7304478548602963,0.0012370052086890537,-1.1075768243689177,0.4850599064751559,0.022407905120349108,-1.15349629760566
WA,Opioid Shipments (MME per 100k),-8064525.180002294,4034168.5972510823,0.04560239592910875,7875367.574901196,1951032.6240948988,5.4251636466397977e-05,-3548036.9674630044
WA,Drug Deaths (per 100k),-1.1752346523484043,0.719066856147918,0.10217728625160676,-0.04933574861227874,0.5470765883551427,0.9281436225645144,0.009753188436504967
